Input,Matched,DOI,Status,Correction
1.,Bradycardia and Other Arrhythmias in Patients With Hepatorenal Syndrome-Acute Kidney Injury Following Terlipressin Treatment: A Pooled Analysis of Three North American Phase III Clinical Studies.,10.1111/apt.70297,⚠️ POSSIBLY CORRECT (via fallback),
Health Organization; 2003.,ISMB 2003 Organization,10.1093/bioinformatics/btg1049,✅ VERIFIED,
2.,Bradycardia and Other Arrhythmias in Patients With Hepatorenal Syndrome-Acute Kidney Injury Following Terlipressin Treatment: A Pooled Analysis of Three North American Phase III Clinical Studies.,10.1111/apt.70297,⚠️ POSSIBLY CORRECT (via fallback),
birth prevalence rate. Cleft Palate Craniofac J. 2004;,China’s Cleft Palate Birth Rate,10.14219/jada.archive.1981.0050,✅ VERIFIED,
41(6):609–612. doi: http://dx.doi.org/10.1597/03-,,,❌ No match,"[GPT error: 

You tried to access openai.ChatCompletion, but this is no longer supported in openai>=1.0.0 - see the README at https://github.com/openai/openai-python for the API.

You can run `openai migrate` to automatically upgrade your codebase to use the 1.0.0 interface. 

Alternatively, you can pin your installation to the old version, e.g. `pip install openai==0.28`

A detailed migration guide is available here: https://github.com/openai/openai-python/discussions/742
]"
034.1.,O-034,10.1097/01.ede.0000416692.63657.b7,✅ VERIFIED,
3.,Bradycardia and Other Arrhythmias in Patients With Hepatorenal Syndrome-Acute Kidney Injury Following Terlipressin Treatment: A Pooled Analysis of Three North American Phase III Clinical Studies.,10.1111/apt.70297,⚠️ POSSIBLY CORRECT (via fallback),
Craniofac J. 2009;46(2):166–172. doi: http://dx.doi,,,❌ No match,"[GPT error: 

You tried to access openai.ChatCompletion, but this is no longer supported in openai>=1.0.0 - see the README at https://github.com/openai/openai-python for the API.

You can run `openai migrate` to automatically upgrade your codebase to use the 1.0.0 interface. 

Alternatively, you can pin your installation to the old version, e.g. `pip install openai==0.28`

A detailed migration guide is available here: https://github.com/openai/openai-python/discussions/742
]"
.org/10.1597/07-239.1.,A randomised controlled trial of treatments of childhood anxiety disorder in the context of maternal anxiety disorder: clinical and cost-effectiveness outcomes.,10.1111/jcpp.13089,⚠️ POSSIBLY CORRECT (via fallback),
4.,Bradycardia and Other Arrhythmias in Patients With Hepatorenal Syndrome-Acute Kidney Injury Following Terlipressin Treatment: A Pooled Analysis of Three North American Phase III Clinical Studies.,10.1111/apt.70297,⚠️ POSSIBLY CORRECT (via fallback),
2006;43(4):457–465. doi: http://dx.doi.org/10.1597,,,❌ No match,"[GPT error: 

You tried to access openai.ChatCompletion, but this is no longer supported in openai>=1.0.0 - see the README at https://github.com/openai/openai-python for the API.

You can run `openai migrate` to automatically upgrade your codebase to use the 1.0.0 interface. 

Alternatively, you can pin your installation to the old version, e.g. `pip install openai==0.28`

A detailed migration guide is available here: https://github.com/openai/openai-python/discussions/742
]"
/04-156.1.,156,10.1249/01.mss.0000493241.23367.dd,✅ VERIFIED,
5.,Bradycardia and Other Arrhythmias in Patients With Hepatorenal Syndrome-Acute Kidney Injury Following Terlipressin Treatment: A Pooled Analysis of Three North American Phase III Clinical Studies.,10.1111/apt.70297,⚠️ POSSIBLY CORRECT (via fallback),
1999;115(4):396–400.,Erratum: J Hum Genet (1999) 44: 391–396,10.1007/s100380070039,⚠️ POSSIBLY INCORRECT,
10.1016/S0889-5406,5406,10.2307/2314295,✅ VERIFIED,
(99)70258-1.,10.1016/s0029-7437(08)70258-1,10.1016/s0029-7437(08)70258-1,✅ VERIFIED,
6.,Bradycardia and Other Arrhythmias in Patients With Hepatorenal Syndrome-Acute Kidney Injury Following Terlipressin Treatment: A Pooled Analysis of Three North American Phase III Clinical Studies.,10.1111/apt.70297,⚠️ POSSIBLY CORRECT (via fallback),
in patients with cleft. Chang Gung Med J. 2011;,Chang Gung Technique of Unilateral Cleft Lip Repair,10.1007/978-3-642-38382-3_7,⚠️ POSSIBLY INCORRECT,
34(3):306–314.,WO 34/042/314 - Autograph Letter to Lord Colvill,10.1163/37612_wna_wo_wo_34_42_314,⚠️ POSSIBLY INCORRECT,
7.,Bradycardia and Other Arrhythmias in Patients With Hepatorenal Syndrome-Acute Kidney Injury Following Terlipressin Treatment: A Pooled Analysis of Three North American Phase III Clinical Studies.,10.1111/apt.70297,⚠️ POSSIBLY CORRECT (via fallback),
Dent. 2010;20(6):442-450. doi: 10.1111/j.1365-263,450-2010,10.1109/ieeestd.2011.5954105,✅ VERIFIED,
X.2010.01063.x.,,,❌ No match,"[GPT error: 

You tried to access openai.ChatCompletion, but this is no longer supported in openai>=1.0.0 - see the README at https://github.com/openai/openai-python for the API.

You can run `openai migrate` to automatically upgrade your codebase to use the 1.0.0 interface. 

Alternatively, you can pin your installation to the old version, e.g. `pip install openai==0.28`

A detailed migration guide is available here: https://github.com/openai/openai-python/discussions/742
]"
8.,Bradycardia and Other Arrhythmias in Patients With Hepatorenal Syndrome-Acute Kidney Injury Following Terlipressin Treatment: A Pooled Analysis of Three North American Phase III Clinical Studies.,10.1111/apt.70297,⚠️ POSSIBLY CORRECT (via fallback),
2010;25(2):137. doi: http://dx.doi.org/10.1590/S,,,❌ No match,"[GPT error: 

You tried to access openai.ChatCompletion, but this is no longer supported in openai>=1.0.0 - see the README at https://github.com/openai/openai-python for the API.

You can run `openai migrate` to automatically upgrade your codebase to use the 1.0.0 interface. 

Alternatively, you can pin your installation to the old version, e.g. `pip install openai==0.28`

A detailed migration guide is available here: https://github.com/openai/openai-python/discussions/742
]"
1980-65232010000200006.,,,❌ No match,"[GPT error: 

You tried to access openai.ChatCompletion, but this is no longer supported in openai>=1.0.0 - see the README at https://github.com/openai/openai-python for the API.

You can run `openai migrate` to automatically upgrade your codebase to use the 1.0.0 interface. 

Alternatively, you can pin your installation to the old version, e.g. `pip install openai==0.28`

A detailed migration guide is available here: https://github.com/openai/openai-python/discussions/742
]"
9.,Bradycardia and Other Arrhythmias in Patients With Hepatorenal Syndrome-Acute Kidney Injury Following Terlipressin Treatment: A Pooled Analysis of Three North American Phase III Clinical Studies.,10.1111/apt.70297,⚠️ POSSIBLY CORRECT (via fallback),
lip and palate. J Dent Child (Chic). 2012;79(2):69-73.,79 Cleft Lip and Cleft Palate,10.1055/b-0035-121028,✅ VERIFIED,
10.	 Menezes R and Vieira AR. Dental anomalies as part,Dental Anomalies as Part of the Cleft Spectrum,10.1597/07-064.1,⚠️ POSSIBLY INCORRECT,
of the cleft spectrum. Cleft Palate Craniofac J. 2008;,Cleft Lip and Cleft Palate,10.2478/aoj-1972-0005,⚠️ POSSIBLY INCORRECT,
45(4):414–419. doi: 10.1597/07-064.1.,,,❌ No match,"[GPT error: 

You tried to access openai.ChatCompletion, but this is no longer supported in openai>=1.0.0 - see the README at https://github.com/openai/openai-python for the API.

You can run `openai migrate` to automatically upgrade your codebase to use the 1.0.0 interface. 

Alternatively, you can pin your installation to the old version, e.g. `pip install openai==0.28`

A detailed migration guide is available here: https://github.com/openai/openai-python/discussions/742
]"
"11.	 Al Jamal GA, Hazza'a AM, Rawashdeh MA. Prevalence",Jamal al-Banna,10.31219/osf.io/xpej3,⚠️ POSSIBLY INCORRECT,
palate patients. Cleft Palate Craniofac J. 2010;,Cleft Palate,10.1016/b978-0-323-03470-8.00023-5,✅ VERIFIED,
47(4):413–420. doi: 10.1597/08-275.1.,,,❌ No match,"[GPT error: 

You tried to access openai.ChatCompletion, but this is no longer supported in openai>=1.0.0 - see the README at https://github.com/openai/openai-python for the API.

You can run `openai migrate` to automatically upgrade your codebase to use the 1.0.0 interface. 

Alternatively, you can pin your installation to the old version, e.g. `pip install openai==0.28`

A detailed migration guide is available here: https://github.com/openai/openai-python/discussions/742
]"
"12.	 Riis LC, Kjær I, Mølsted K. Dental anomalies in different",Riis,10.1163/2405-8262_rgg4_sim_024987,✅ VERIFIED,
aetiology. J Plast Surg Hand Surg. 2014;48(2):126-,,,❌ No match,"[GPT error: 

You tried to access openai.ChatCompletion, but this is no longer supported in openai>=1.0.0 - see the README at https://github.com/openai/openai-python for the API.

You can run `openai migrate` to automatically upgrade your codebase to use the 1.0.0 interface. 

Alternatively, you can pin your installation to the old version, e.g. `pip install openai==0.28`

A detailed migration guide is available here: https://github.com/openai/openai-python/discussions/742
]"
131. doi: 10.3109/2000656X.2013.831767.,3109,10.1016/j.ultrasmedbio.2006.02.879,✅ VERIFIED,
"13.	 Parapanisiou V, Gizani S, Makou M, Papagiannoulis",Nuru Gizani,10.2307/jj.21761177.42,⚠️ POSSIBLY INCORRECT,
2009;10(2):85–89.,A = 85 - 89,10.1007/10201048_35,✅ VERIFIED,
"14.	 Costa CH, Diniz LV, Lacerda RH, Forte FD, Sampaio",Ch. 14,10.31826/9781463235086-021,✅ VERIFIED,
radiographic study. Acta Odontol Latinoam. 2012;,Acta Avril 2012,10.58282/acta.6884,⚠️ POSSIBLY INCORRECT,
25(2):181–185.,181- 185,10.1515/9783035623369-039,✅ VERIFIED,
"15.	 Bartzela TN, Carels CE, Bronkhorst EM, Rønning",Thea Rønning:,10.2307/j.ctvzcz4b8.47,⚠️ POSSIBLY INCORRECT,
Sci. 2010;118(1):47-52. doi: 10.1111/j.1600-0722.,,,❌ No match,"[GPT error: 

You tried to access openai.ChatCompletion, but this is no longer supported in openai>=1.0.0 - see the README at https://github.com/openai/openai-python for the API.

You can run `openai migrate` to automatically upgrade your codebase to use the 1.0.0 interface. 

Alternatively, you can pin your installation to the old version, e.g. `pip install openai==0.28`

A detailed migration guide is available here: https://github.com/openai/openai-python/discussions/742
]"
2009.00698.x.,,,❌ No match,"[GPT error: 

You tried to access openai.ChatCompletion, but this is no longer supported in openai>=1.0.0 - see the README at https://github.com/openai/openai-python for the API.

You can run `openai migrate` to automatically upgrade your codebase to use the 1.0.0 interface. 

Alternatively, you can pin your installation to the old version, e.g. `pip install openai==0.28`

A detailed migration guide is available here: https://github.com/openai/openai-python/discussions/742
]"
"16.	 Shetty A, Rai K, Hegde AM. Incisal abnormalities in",Malti Shetty,10.1007/978-94-024-1188-1_300371,⚠️ POSSIBLY INCORRECT,
Med. Sci. 2013;1(4):233-235.,Med-Sci 2013 Poster Presenter Abstracts,10.1097/adm.0b013e3182a3b16f,⚠️ POSSIBLY INCORRECT,
"17.	 daSilva A, Costa B, deCarvalho, Carrara C. Dental",CARRARA MARBLE,10.1111/j.1949-8594.1911.tb03331.x,⚠️ POSSIBLY INCORRECT,
Cleft Palate Craniofac J. 2008;45(5):473–476. doi:,473-476,10.1515/9783110829907.bm,✅ VERIFIED,
10.1597/06-099.1.,1597,10.4324/9781315033747-81,✅ VERIFIED,
"18.	 Tereza GPG, Carrara CFC, Costa B. Tooth abnormalities",Tereza,10.2307/40122144,✅ VERIFIED,
Cleft Palate Craniofac J. 2010;47(3):247–252. doi:,247-252,10.1515/9783110839784.bm,✅ VERIFIED,
http://dx.doi.org/10.1597/08-268.1.,,,❌ No match,"[GPT error: 

You tried to access openai.ChatCompletion, but this is no longer supported in openai>=1.0.0 - see the README at https://github.com/openai/openai-python for the API.

You can run `openai migrate` to automatically upgrade your codebase to use the 1.0.0 interface. 

Alternatively, you can pin your installation to the old version, e.g. `pip install openai==0.28`

A detailed migration guide is available here: https://github.com/openai/openai-python/discussions/742
]"
19.	 Al-Kharboush GH. Dental anomalies associated with,Habits associated with dental anomalies,10.1016/0096-6347(45)90090-1,✅ VERIFIED,
"University, 2010.",Willamette University Commencement 2010,10.31096/ows_wua066_seriesxiv_2010,✅ VERIFIED,
"20.	 Alam MK, Iida J, Sato Y, Kajii TS. Postnatal",,,❌ No match,"[GPT error: 

You tried to access openai.ChatCompletion, but this is no longer supported in openai>=1.0.0 - see the README at https://github.com/openai/openai-python for the API.

You can run `openai migrate` to automatically upgrade your codebase to use the 1.0.0 interface. 

Alternatively, you can pin your installation to the old version, e.g. `pip install openai==0.28`

A detailed migration guide is available here: https://github.com/openai/openai-python/discussions/742
]"
2012;51(8):205–210. doi: 10.1016/j.bjoms.2012.10.,10/2012,10.1024/0036-7281/a000385,✅ VERIFIED,
001.,Magnetic behavior of Fe(001)/ZnSe(001)/Fe(001) sandwiches grown on ZnSe(001) epilayer on GaAs(001),10.1016/s0921-4526(02)01199-7,✅ VERIFIED,
